file,citta,paese,file_commons,autore,licenza,link_licenza,pagina_commons
butrint_pic.jpg,Butrint,Albania,Amphitheatre of Butrint 2009.jpg,Geoff Wong,CC BY 2.0,https://creativecommons.org/licenses/by/2.0,https://commons.wikimedia.org/wiki/File:Amphitheatre_of_Butrint_2009.jpg
tirana_pic.jpg,Tirana,Albania,Skanderbeg square tirana 2016.jpg,Photo: Chris Walts,CC BY-SA 2.0,https://creativecommons.org/licenses/by-sa/2.0,https://commons.wikimedia.org/wiki/File:Skanderbeg_square_tirana_2016.jpg
andorra_la_vella_pic.jpg,Andorra la Vella,Andorra,Andorra la Vella - Carrer de la Terra Vella - View NW.jpg,Txllxt TxllxT,CC BY-SA 4.0,https://creativecommons.org/licenses/by-sa/4.0,https://commons.wikimedia.org/wiki/File:Andorra_la_Vella_-_Carrer_de_la_Terra_Vella_-_View_NW.jpg
garni_pic.jpg,Garni,Armenia,Garni temple 2021 drone.jpg,Yerevantsi,CC BY-SA 4.0,https://creativecommons.org/licenses/by-sa/4.0,https://commons.wikimedia.org/wiki/File:Garni_temple_2021_drone.jpg
sevan_pic.jpg,Sevan,Armenia,Սևանի վանական համալիր ՄԲ 29.jpg,Beko,CC BY-SA 4.0,https://creativecommons.org/licenses/by-sa/4.0,https://commons.wikimedia.org/wiki/File:%D5%8D%D6%87%D5%A1%D5%B6%D5%AB_%D5%BE%D5%A1%D5%B6%D5%A1%D5%AF%D5%A1%D5%B6_%D5%B0%D5%A1%D5%B4%D5%A1%D5%AC%D5%AB%D6%80_%D5%84%D4%B2_29.jpg
yerevan_pic.jpg,Yerevan,Armenia,Mount Ararat and the Yerevan skyline (June 2018).jpg,Սէրուժ Ուրիշեան (Serouj Ourishian),CC BY 4.0,https://creativecommons.org/licenses/by/4.0,https://commons.wikimedia.org/wiki/File:Mount_Ararat_and_the_Yerevan_skyline_(June_2018).jpg
bregenz_pic.jpg,Bregenz,Austria,"Bregenz am Morgen vom Seibel, Böhringer.jpg","Feel free to use my photos, but please mention me as the author and if you want send me a message. or (rufre@lenz-nenning.at)",CC BY-SA 4.0,https://creativecommons.org/licenses/by-sa/4.0,"https://commons.wikimedia.org/wiki/File:Bregenz_am_Morgen_vom_Seibel,_B%C3%B6hringer.jpg"
innsbruck_pic.jpg,Innsbruck,Austria,Blick auf Innsbruck-Mariahilf und Innbruecke.jpg,Túrelio,CC BY-SA 2.5,https://creativecommons.org/licenses/by-sa/2.5,https://commons.wikimedia.org/wiki/File:Blick_auf_Innsbruck-Mariahilf_und_Innbruecke.jpg
ischgl_pic.jpg,Ischgl,Austria,Ischgl 01.jpg,Basotxerri,CC BY-SA 4.0,https://creativecommons.org/licenses/by-sa/4.0,https://commons.wikimedia.org/wiki/File:Ischgl_01.jpg
klagenfurt_pic.jpg,Klagenfurt,Austria,Klagenfurt Villacher Vorstadt Kreuzbergl-Stadtblick 20102015 8306.jpg,Johann Jaritz,CC BY-SA 4.0,https://creativecommons.org/licenses/by-sa/4.0,https://commons.wikimedia.org/wiki/File:Klagenfurt_Villacher_Vorstadt_Kreuzbergl-Stadtblick_20102015_8306.jpg
vienna_pic.jpg,Vienna,Austria,Schönbrunn September 2023 1.jpg,Conny Duck,CC BY-SA 4.0,https://creativecommons.org/licenses/by-sa/4.0,https://commons.wikimedia.org/wiki/File:Sch%C3%B6nbrunn_September_2023_1.jpg
baku_pic.jpg,Baku,Azerbaijan,Baku Skyline (221090125).jpeg,Francisco Anzola,CC BY 3.0,https://creativecommons.org/licenses/by/3.0,https://commons.wikimedia.org/wiki/File:Baku_Skyline_(221090125).jpeg
brest_pic.jpg,Brest,Belarus,Brest Brest Fortress Kholm Gate 9209 2150.jpg,Alexxx1979,CC BY-SA 4.0,https://creativecommons.org/licenses/by-sa/4.0,https://commons.wikimedia.org/wiki/File:Brest_Brest_Fortress_Kholm_Gate_9209_2150.jpg
gomel_pic.jpg,Gomel,Belarus,Палацава-паркавы комплекс ў Гомелі. Фасад палаца.jpg,Аляксей Мацеша (дазвол - http://fgb.by/viewtopic.php?p=46703#46703),CC BY-SA 3.0,https://creativecommons.org/licenses/by-sa/3.0,https://commons.wikimedia.org/wiki/File:%D0%9F%D0%B0%D0%BB%D0%B0%D1%86%D0%B0%D0%B2%D0%B0-%D0%BF%D0%B0%D1%80%D0%BA%D0%B0%D0%B2%D1%8B_%D0%BA%D0%BE%D0%BC%D0%BF%D0%BB%D0%B5%D0%BA%D1%81_%D1%9E_%D0%93%D0%BE%D0%BC%D0%B5%D0%BB%D1%96._%D0%A4%D0%B0%D1%81%D0%B0%D0%B4_%D0%BF%D0%B0%D0%BB%D0%B0%D1%86%D0%B0.jpg
grodno_pic.jpg,Grodno,Belarus,"Horadnia (Hrodna), Vilienskaja. Горадня, Віленская (2021) 05.jpg",Liashko,CC BY-SA 4.0,https://creativecommons.org/licenses/by-sa/4.0,"https://commons.wikimedia.org/wiki/File:Horadnia_(Hrodna),_Vilienskaja._%D0%93%D0%BE%D1%80%D0%B0%D0%B4%D0%BD%D1%8F,_%D0%92%D1%96%D0%BB%D0%B5%D0%BD%D1%81%D0%BA%D0%B0%D1%8F_(2021)_05.jpg"
minsk_pic.jpg,Minsk,Belarus,View of Minsk (180819) 09.jpg,Homoatrox,CC BY-SA 3.0,https://creativecommons.org/licenses/by-sa/3.0,https://commons.wikimedia.org/wiki/File:View_of_Minsk_(180819)_09.jpg
vitebsk_pic.jpg,Vitebsk,Belarus,Віцебскія краявіды 03.jpg,Андрэй Дзмiтрыеў (http://fgb.by/viewtopic.php?p=60515#60515),CC BY-SA 3.0,https://creativecommons.org/licenses/by-sa/3.0,https://commons.wikimedia.org/wiki/File:%D0%92%D1%96%D1%86%D0%B5%D0%B1%D1%81%D0%BA%D1%96%D1%8F_%D0%BA%D1%80%D0%B0%D1%8F%D0%B2%D1%96%D0%B4%D1%8B_03.jpg
antwerpen_pic.jpg,Antwerpen,Belgium,Amberes; vistas MAS 2.jpg,LBM1948,CC BY-SA 4.0,https://creativecommons.org/licenses/by-sa/4.0,https://commons.wikimedia.org/wiki/File:Amberes;_vistas_MAS_2.jpg
bruges_pic.jpg,Bruges,Belgium,Brügge Blick vom Belfried 4.jpg,Zairon,CC BY-SA 4.0,https://creativecommons.org/licenses/by-sa/4.0,https://commons.wikimedia.org/wiki/File:Br%C3%BCgge_Blick_vom_Belfried_4.jpg
brussels_pic.jpg,Brussels,Belgium,Grand Place Bruselas 2.jpg,Francisco Conde Sánchez,CC BY-SA 3.0,https://creativecommons.org/licenses/by-sa/3.0,https://commons.wikimedia.org/wiki/File:Grand_Place_Bruselas_2.jpg
dinant_pic.jpg,Dinant,Belgium,Dinant reflected.jpg,https://www.flickr.com/photos/jiuguangw/,CC BY-SA 2.0,https://creativecommons.org/licenses/by-sa/2.0,https://commons.wikimedia.org/wiki/File:Dinant_reflected.jpg
leuven_pic.jpg,Leuven,Belgium,Leuven-Grote Markt-2.jpg,Snowdog,Public domain,,https://commons.wikimedia.org/wiki/File:Leuven-Grote_Markt-2.jpg
banja_luka_pic.jpg,Banja Luka,Bosnia and Herzegovina,NKD115 Saborna crkva Hrista spasitelja Banja Luka RS BiH.jpg,Tomas Damjanovic Banjaluka,CC BY-SA 4.0,https://creativecommons.org/licenses/by-sa/4.0,https://commons.wikimedia.org/wiki/File:NKD115_Saborna_crkva_Hrista_spasitelja_Banja_Luka_RS_BiH.jpg
mostar_pic.jpg,Mostar,Bosnia and Herzegovina,Stari Most viewed from North.jpg,Bernard Gagnon,CC BY-SA 4.0,https://creativecommons.org/licenses/by-sa/4.0,https://commons.wikimedia.org/wiki/File:Stari_Most_viewed_from_North.jpg
sarajevo_pic.jpg,Sarajevo,Bosnia and Herzegovina,Sarajevo City Panorama.JPG,Julian Nyča,CC BY-SA 4.0,https://creativecommons.org/licenses/by-sa/4.0,https://commons.wikimedia.org/wiki/File:Sarajevo_City_Panorama.JPG
trebinje_pic.jpg,Trebinje,Bosnia and Herzegovina,Stari grad - panoramio (4).jpg,Mister No,CC BY 3.0,https://creativecommons.org/licenses/by/3.0,https://commons.wikimedia.org/wiki/File:Stari_grad_-_panoramio_(4).jpg
višegrad_pic.jpg,Višegrad,Bosnia and Herzegovina,"Bridge on the Drina, januar 2018.jpg",Branevgd,CC BY-SA 4.0,https://creativecommons.org/licenses/by-sa/4.0,"https://commons.wikimedia.org/wiki/File:Bridge_on_the_Drina,_januar_2018.jpg"
bansko_pic.jpg,Bansko,Bulgaria,Bansko ski resort (23917454674).jpg,www.bdmundo.com,CC BY-SA 2.0,https://creativecommons.org/licenses/by-sa/2.0,https://commons.wikimedia.org/wiki/File:Bansko_ski_resort_(23917454674).jpg
plovdiv_pic.jpg,Plovdiv,Bulgaria,Пловдив.jpg,Община Пловдив,CC BY-SA 4.0,https://creativecommons.org/licenses/by-sa/4.0,https://commons.wikimedia.org/wiki/File:%D0%9F%D0%BB%D0%BE%D0%B2%D0%B4%D0%B8%D0%B2.jpg
sofia_pic.jpg,Sofia,Bulgaria,Panoramic view over central Sofia and the Vitosha Mountain 2017-10-08.jpg,Deensel,CC BY 2.0,https://creativecommons.org/licenses/by/2.0,https://commons.wikimedia.org/wiki/File:Panoramic_view_over_central_Sofia_and_the_Vitosha_Mountain_2017-10-08.jpg
varna_pic.jpg,Varna,Bulgaria,Sea Garden (Varna).jpg,Stanqo,CC BY 4.0,https://creativecommons.org/licenses/by/4.0,https://commons.wikimedia.org/wiki/File:Sea_Garden_(Varna).jpg
hvar_pic.jpg,Hvar,Croatia,"The Spanish Fortress in Hvar, Croatia.jpg",Steve Jurvetson,CC BY 2.0,https://creativecommons.org/licenses/by/2.0,"https://commons.wikimedia.org/wiki/File:The_Spanish_Fortress_in_Hvar,_Croatia.jpg"
split_pic.jpg,Split,Croatia,Split 080620-133710-IMG 0968x.jpg,Tatyana Peshkova,CC BY-SA 4.0,https://creativecommons.org/licenses/by-sa/4.0,https://commons.wikimedia.org/wiki/File:Split_080620-133710-IMG_0968x.jpg
supetar_pic.jpg,Supetar,Croatia,Supetar Waterfront.jpg,WeatheredAviation,CC0,http://creativecommons.org/publicdomain/zero/1.0/deed.en,https://commons.wikimedia.org/wiki/File:Supetar_Waterfront.jpg
zadar_pic.jpg,Zadar,Croatia,"Roman Forum in Zadar, Croatia (48607823862).jpg",dronepicr,CC BY 2.0,https://creativecommons.org/licenses/by/2.0,"https://commons.wikimedia.org/wiki/File:Roman_Forum_in_Zadar,_Croatia_(48607823862).jpg"
šibenik_pic.jpg,Šibenik,Croatia,"Cathedral of St. James, Šibenik 01.jpg",Bernard Gagnon,CC BY-SA 4.0,https://creativecommons.org/licenses/by-sa/4.0,"https://commons.wikimedia.org/wiki/File:Cathedral_of_St._James,_%C5%A0ibenik_01.jpg"
famagusta_pic.jpg,Famagusta,Cyprus,View of City Walls - Magusa (Famagusta) - Turkish Republic of Northern Cyprus (28526438892).jpg,"Adam Jones from Kelowna, BC, Canada",CC BY-SA 2.0,https://creativecommons.org/licenses/by-sa/2.0,https://commons.wikimedia.org/wiki/File:View_of_City_Walls_-_Magusa_(Famagusta)_-_Turkish_Republic_of_Northern_Cyprus_(28526438892).jpg
larnaca_pic.jpg,Larnaca,Cyprus,Cyprus - Larnacacastle 1.JPG,Dickelbers,CC BY-SA 3.0,https://creativecommons.org/licenses/by-sa/3.0,https://commons.wikimedia.org/wiki/File:Cyprus_-_Larnacacastle_1.JPG
limassol_pic.jpg,Limassol,Cyprus,Skyscrapers in Limassol.jpg,Στέφανος Νικολάου,CC BY-SA 4.0,https://creativecommons.org/licenses/by-sa/4.0,https://commons.wikimedia.org/wiki/File:Skyscrapers_in_Limassol.jpg
nicosia_pic.jpg,Nicosia,Cyprus,Nicosia's skyline 2024.jpg,PomposPompou,CC BY-SA 4.0,https://creativecommons.org/licenses/by-sa/4.0,https://commons.wikimedia.org/wiki/File:Nicosia%27s_skyline_2024.jpg
paphos_pic.jpg,Paphos,Cyprus,"Paphos Marine, Cyprus - panoramio.jpg",Dmitry Panov,CC BY 3.0,https://creativecommons.org/licenses/by/3.0,"https://commons.wikimedia.org/wiki/File:Paphos_Marine,_Cyprus_-_panoramio.jpg"
brno_pic.jpg,Brno,Czech Republic,"Brno, katedrála sv. Petra a Pavla.jpg",Michal Klajban,CC BY-SA 3.0,https://creativecommons.org/licenses/by-sa/3.0,"https://commons.wikimedia.org/wiki/File:Brno,_katedr%C3%A1la_sv._Petra_a_Pavla.jpg"
karlovy_vary_pic.jpg,Karlovy Vary,Czech Republic,Karlovy Vary Czech.jpg,"Jialiang Gao, www.peace-on-earth.org",CC BY-SA 3.0,http://creativecommons.org/licenses/by-sa/3.0/,https://commons.wikimedia.org/wiki/File:Karlovy_Vary_Czech.jpg
kutná_hora_pic.jpg,Kutná Hora,Czech Republic,Kutná Hora (003).jpg,al.trcka,CC BY-SA 3.0,https://creativecommons.org/licenses/by-sa/3.0,https://commons.wikimedia.org/wiki/File:Kutn%C3%A1_Hora_(003).jpg
prague_pic.jpg,Prague,Czech Republic,Prague (6365119737).jpg,Moyan Brenn from Italy,CC BY 2.0,https://creativecommons.org/licenses/by/2.0,https://commons.wikimedia.org/wiki/File:Prague_(6365119737).jpg
český_krumlov_pic.jpg,Český Krumlov,Czech Republic,Blick auf das Stadtzentrum von Krumau (2026).jpg,DominikCK1999,CC BY 4.0,https://creativecommons.org/licenses/by/4.0,https://commons.wikimedia.org/wiki/File:Blick_auf_das_Stadtzentrum_von_Krumau_(2026).jpg
billund_pic.jpg,Billund,Denmark,Billund Legoland 24.jpg,Andrzej Otrębski,CC BY-SA 4.0,https://creativecommons.org/licenses/by-sa/4.0,https://commons.wikimedia.org/wiki/File:Billund_Legoland_24.jpg
copenhagen_pic.jpg,Copenhagen,Denmark,2018 - Christiansborg from the Marble Bridge.jpg,Moahim,CC BY-SA 4.0,https://creativecommons.org/licenses/by-sa/4.0,https://commons.wikimedia.org/wiki/File:2018_-_Christiansborg_from_the_Marble_Bridge.jpg
elsinore_pic.jpg,Elsinore,Denmark,Kronborg April 2026 10.jpg,ArildV,CC BY-SA 4.0,https://creativecommons.org/licenses/by-sa/4.0,https://commons.wikimedia.org/wiki/File:Kronborg_April_2026_10.jpg
ribe_pic.jpg,Ribe,Denmark,Denmark ribe church.jpg,Arne Müseler,CC BY-SA 4.0,https://creativecommons.org/licenses/by-sa/4.0,https://commons.wikimedia.org/wiki/File:Denmark_ribe_church.jpg
skagen_pic.jpg,Skagen,Denmark,Skagen rooftops.jpg,"John Nuttall from Hampshire, United Kingdom",CC BY 2.0,https://creativecommons.org/licenses/by/2.0,https://commons.wikimedia.org/wiki/File:Skagen_rooftops.jpg
haapsalu_pic.jpg,Haapsalu,Estonia,Haapsalu - view from Castle.jpg,Tiia Monto,CC BY-SA 3.0,https://creativecommons.org/licenses/by-sa/3.0,https://commons.wikimedia.org/wiki/File:Haapsalu_-_view_from_Castle.jpg
tallinn_pic.jpg,Tallinn,Estonia,Raekoja plats at night.jpg,Jorge Franganillo,CC BY 2.0,https://creativecommons.org/licenses/by/2.0,https://commons.wikimedia.org/wiki/File:Raekoja_plats_at_night.jpg
tartu_pic.jpg,Tartu,Estonia,Tartu (2019).jpg,Boreaallane,CC BY-SA 4.0,https://creativecommons.org/licenses/by-sa/4.0,https://commons.wikimedia.org/wiki/File:Tartu_(2019).jpg
helsinki_pic.jpg,Helsinki,Finland,Helsinki Senate Square and Helsinki Cathedral in May 2026.jpg,JIP,CC BY-SA 4.0,https://creativecommons.org/licenses/by-sa/4.0,https://commons.wikimedia.org/wiki/File:Helsinki_Senate_Square_and_Helsinki_Cathedral_in_May_2026.jpg
kemi_pic.jpg,Kemi,Finland,Kemi City Hall view 4.jpg,kallerna,CC BY-SA 4.0,https://creativecommons.org/licenses/by-sa/4.0,https://commons.wikimedia.org/wiki/File:Kemi_City_Hall_view_4.jpg
rovaniemi_pic.jpg,Rovaniemi,Finland,Jätkänkynttilä Bridge 5.jpg,kallerna,CC BY-SA 4.0,https://creativecommons.org/licenses/by-sa/4.0,https://commons.wikimedia.org/wiki/File:J%C3%A4tk%C3%A4nkynttil%C3%A4_Bridge_5.jpg
savonlinna_pic.jpg,Savonlinna,Finland,Olavinlinna Savonlinna Finland.jpg,HENKKA5,CC0,http://creativecommons.org/publicdomain/zero/1.0/deed.en,https://commons.wikimedia.org/wiki/File:Olavinlinna_Savonlinna_Finland.jpg
turku_pic.jpg,Turku,Finland,View from Turku Cathedral tower.jpg,Markus Koljonen (Dilaudid) with thanks to Jontts and Turku Cathedral,CC BY-SA 3.0,https://creativecommons.org/licenses/by-sa/3.0,https://commons.wikimedia.org/wiki/File:View_from_Turku_Cathedral_tower.jpg
antibes_pic.jpg,Antibes,France,Antibesbordmer.JPG,Gilbert Bochenek,CC BY 3.0,https://creativecommons.org/licenses/by/3.0,https://commons.wikimedia.org/wiki/File:Antibesbordmer.JPG
avignon_pic.jpg,Avignon,France,Vue aérienne 2 JP Campomar.jpg,OT Avignon,CC BY-SA 4.0,https://creativecommons.org/licenses/by-sa/4.0,https://commons.wikimedia.org/wiki/File:Vue_a%C3%A9rienne_2_JP_Campomar.jpg
bastia_pic.jpg,Bastia,France,"Bastia, A Marina, Vechju Portu.jpg",Cosudibastia,CC BY-SA 4.0,https://creativecommons.org/licenses/by-sa/4.0,"https://commons.wikimedia.org/wiki/File:Bastia,_A_Marina,_Vechju_Portu.jpg"
le_mont_saint_michel_pic.jpg,Le Mont-Saint-Michel,France,Mont-Saint-Michel vu du ciel.jpg,Amaustan,CC BY-SA 4.0,https://creativecommons.org/licenses/by-sa/4.0,https://commons.wikimedia.org/wiki/File:Mont-Saint-Michel_vu_du_ciel.jpg
versailles_pic.jpg,Versailles,France,Château de Versailles Cour de Marbre 20170617 facade.jpg,"Kipp Jones from Atlanta, US",CC BY 2.0,https://creativecommons.org/licenses/by/2.0,https://commons.wikimedia.org/wiki/File:Ch%C3%A2teau_de_Versailles_Cour_de_Marbre_20170617_facade.jpg
batumi_pic.jpg,Batumi,Georgia,"Batumi, summer 2018 01.jpg",23artashes,CC BY-SA 4.0,https://creativecommons.org/licenses/by-sa/4.0,"https://commons.wikimedia.org/wiki/File:Batumi,_summer_2018_01.jpg"
sighnaghi_pic.jpg,Sighnaghi,Georgia,Sighnagi 2009.jpg,George Nikoladze,Public domain,,https://commons.wikimedia.org/wiki/File:Sighnagi_2009.jpg
tbilisi_pic.jpg,Tbilisi,Georgia,View of Tbilisi from Tabori Church 2023-10-08-2.jpg,Alexey Komarov,CC BY-SA 4.0,https://creativecommons.org/licenses/by-sa/4.0,https://commons.wikimedia.org/wiki/File:View_of_Tbilisi_from_Tabori_Church_2023-10-08-2.jpg
berlin_pic.jpg,Berlin,Germany,Berlin - 0266 - 16052015 - Brandenburger Tor.jpg,Pierre-Selim Huard,CC BY 4.0,https://creativecommons.org/licenses/by/4.0,https://commons.wikimedia.org/wiki/File:Berlin_-_0266_-_16052015_-_Brandenburger_Tor.jpg
cologne_pic.jpg,Cologne,Germany,Cologne Cathedral and the Hohenzollern Bridge1.jpg,Jiuguang Wang,CC BY-SA 2.0,https://creativecommons.org/licenses/by-sa/2.0,https://commons.wikimedia.org/wiki/File:Cologne_Cathedral_and_the_Hohenzollern_Bridge1.jpg
frankfurt_am_main_pic.jpg,Frankfurt am Main,Germany,"Frankfurt am Main, Central business district (2024).jpg",Dr. Thomas Liptak,CC BY-SA 4.0,https://creativecommons.org/licenses/by-sa/4.0,"https://commons.wikimedia.org/wiki/File:Frankfurt_am_Main,_Central_business_district_(2024).jpg"
münster_pic.jpg,Münster,Germany,Muenster Innenstadt.jpg,Bernhard Kils,CC BY-SA 3.0,https://creativecommons.org/licenses/by-sa/3.0,https://commons.wikimedia.org/wiki/File:Muenster_Innenstadt.jpg
rüdesheim_am_rhein_pic.jpg,Rüdesheim am Rhein,Germany,Panoramic View of Rüdesheim am Rhein 20140928 1.jpg,DXR,CC BY-SA 4.0,https://creativecommons.org/licenses/by-sa/4.0,https://commons.wikimedia.org/wiki/File:Panoramic_View_of_R%C3%BCdesheim_am_Rhein_20140928_1.jpg
corinth_pic.jpg,Corinth,Greece,2007 Greece Corinth Canal 06.jpg,Nicholas Hartmann,CC BY-SA 4.0,https://creativecommons.org/licenses/by-sa/4.0,https://commons.wikimedia.org/wiki/File:2007_Greece_Corinth_Canal_06.jpg
heraklion_pic.jpg,Heraklion,Greece,"Venetian fortress in the harbour - Heraklion, Crete.jpg",joe,CC BY-SA 2.0,https://creativecommons.org/licenses/by-sa/2.0,"https://commons.wikimedia.org/wiki/File:Venetian_fortress_in_the_harbour_-_Heraklion,_Crete.jpg"
mykonos_pic.jpg,Mykonos,Greece,Mykonos City.jpg,Cifo Buscemi,CC0,http://creativecommons.org/publicdomain/zero/1.0/deed.en,https://commons.wikimedia.org/wiki/File:Mykonos_City.jpg
naxos_pic.jpg,Naxos,Greece,Naxos Νάξος 2020-08-20 02 Chora Grotta and Vintzi beaches.jpg,Manfred Werner (Tsui),CC BY-SA 4.0,https://creativecommons.org/licenses/by-sa/4.0,https://commons.wikimedia.org/wiki/File:Naxos_%CE%9D%CE%AC%CE%BE%CE%BF%CF%82_2020-08-20_02_Chora_Grotta_and_Vintzi_beaches.jpg
olympia_pic.jpg,Olympia,Greece,"Ancient Olympia, Greece2.jpg","John Karakatsanis from Athens, Greece",CC BY-SA 2.0,https://creativecommons.org/licenses/by-sa/2.0,"https://commons.wikimedia.org/wiki/File:Ancient_Olympia,_Greece2.jpg"
nuuk_pic.jpg,Nuuk,Greenland (Denmark),"Nuuk, Greenland skyline aerial view.jpg",Quintin Soloviev,CC BY 4.0,https://creativecommons.org/licenses/by/4.0,"https://commons.wikimedia.org/wiki/File:Nuuk,_Greenland_skyline_aerial_view.jpg"
qaqortoq_pic.jpg,Qaqortoq,Greenland (Denmark),Qaqortoq Market Square.jpg,Gregor Julien Straube,CC BY-SA 4.0,https://creativecommons.org/licenses/by-sa/4.0,https://commons.wikimedia.org/wiki/File:Qaqortoq_Market_Square.jpg
budapest_pic.jpg,Budapest,Hungary,"Hungarian Parliament Building from across the Danube, 2025-01-11.jpg",Kilyann Le Hen,CC BY 4.0,https://creativecommons.org/licenses/by/4.0,"https://commons.wikimedia.org/wiki/File:Hungarian_Parliament_Building_from_across_the_Danube,_2025-01-11.jpg"
eger_pic.jpg,Eger,Hungary,Panorama of Eger from the Castle - 2015.jpg,Armagan,CC BY-SA 4.0,https://creativecommons.org/licenses/by-sa/4.0,https://commons.wikimedia.org/wiki/File:Panorama_of_Eger_from_the_Castle_-_2015.jpg
pécs_pic.jpg,Pécs,Hungary,Pécs Cathedral - Hungary.jpg,Takkk,CC BY-SA 3.0,https://creativecommons.org/licenses/by-sa/3.0,https://commons.wikimedia.org/wiki/File:P%C3%A9cs_Cathedral_-_Hungary.jpg
sopron_pic.jpg,Sopron,Hungary,Storno-ház Tűztorony és Városháza.jpg,Thaler,CC BY-SA 3.0,https://creativecommons.org/licenses/by-sa/3.0,https://commons.wikimedia.org/wiki/File:Storno-h%C3%A1z_T%C5%B1ztorony_%C3%A9s_V%C3%A1rosh%C3%A1za.jpg
szentendre_pic.jpg,Szentendre,Hungary,"Fő tér, Szentendre, 2011.jpg",DimiTalen,CC0,http://creativecommons.org/publicdomain/zero/1.0/deed.en,"https://commons.wikimedia.org/wiki/File:F%C5%91_t%C3%A9r,_Szentendre,_2011.jpg"
akureyri_pic.jpg,Akureyri,Iceland,Akureyri - Skapti Hallgrímsson.jpg,Kaldbakstindur,CC BY-SA 4.0,https://creativecommons.org/licenses/by-sa/4.0,https://commons.wikimedia.org/wiki/File:Akureyri_-_Skapti_Hallgr%C3%ADmsson.jpg
höfn_pic.jpg,Höfn,Iceland,View of Höfn (Ránarslóð and Sandbakkavegur).jpg,Alexander Grebenkov,CC BY 3.0,https://creativecommons.org/licenses/by/3.0,https://commons.wikimedia.org/wiki/File:View_of_H%C3%B6fn_(R%C3%A1narsl%C3%B3%C3%B0_and_Sandbakkavegur).jpg
keflavik_pic.jpg,Keflavik,Iceland,Keflavík viewed from airplane.jpg,APK,CC BY 4.0,https://creativecommons.org/licenses/by/4.0,https://commons.wikimedia.org/wiki/File:Keflav%C3%ADk_viewed_from_airplane.jpg
reykjavik_pic.jpg,Reykjavik,Iceland,"Reykjavík, view from Hallgrímskirkja (2).jpg",Olga Ernst,CC BY-SA 4.0,https://creativecommons.org/licenses/by-sa/4.0,"https://commons.wikimedia.org/wiki/File:Reykjav%C3%ADk,_view_from_Hallgr%C3%ADmskirkja_(2).jpg"
vík_í_mýrdal_pic.jpg,Vík í Mýrdal,Iceland,Vík 2023-09-21-2.jpg,Alexey Komarov,CC BY-SA 4.0,https://creativecommons.org/licenses/by-sa/4.0,https://commons.wikimedia.org/wiki/File:V%C3%ADk_2023-09-21-2.jpg
dingle_pic.jpg,Dingle,Ireland,Dingle Strand Street.jpg,JoachimKohler-HB,CC BY-SA 4.0,https://creativecommons.org/licenses/by-sa/4.0,https://commons.wikimedia.org/wiki/File:Dingle_Strand_Street.jpg
dublin_pic.jpg,Dublin,Ireland,Dublin - aerial - 2025-07-07 01.jpg,瑞丽江的河水,CC BY-SA 4.0,https://creativecommons.org/licenses/by-sa/4.0,https://commons.wikimedia.org/wiki/File:Dublin_-_aerial_-_2025-07-07_01.jpg
gaillimh_pic.jpg,Gaillimh,Ireland,"Shop Street, Galway 2016.jpg",William Murphy,CC BY-SA 2.0,https://creativecommons.org/licenses/by-sa/2.0,"https://commons.wikimedia.org/wiki/File:Shop_Street,_Galway_2016.jpg"
kilkenny_pic.jpg,Kilkenny,Ireland,Kilkenny castle 2.jpg,Jimmy joe jazz,CC BY-SA 4.0,https://creativecommons.org/licenses/by-sa/4.0,https://commons.wikimedia.org/wiki/File:Kilkenny_castle_2.jpg
liscannor_pic.jpg,Liscannor,Ireland,Cliffs-Of-Moher-OBriens-From-South.JPG,Bjørn Christian Tørrissen,CC BY-SA 3.0,https://creativecommons.org/licenses/by-sa/3.0,https://commons.wikimedia.org/wiki/File:Cliffs-Of-Moher-OBriens-From-South.JPG
amalfi_pic.jpg,Amalfi,Italy,Amalfi sea view Italy.JPG,No machine-readable author provided. Sudodana2048 assumed (based on copyright claims).,CC BY-SA 3.0,http://creativecommons.org/licenses/by-sa/3.0/,https://commons.wikimedia.org/wiki/File:Amalfi_sea_view_Italy.JPG
brindisi_pic.jpg,Brindisi,Italy,1746 wurde die durch ein Erdbeben zerstörte Kathedrale im Barockstil wieder aufgebaut. 01.jpg,Holger Uwe Schmitt,CC BY-SA 4.0,https://creativecommons.org/licenses/by-sa/4.0,https://commons.wikimedia.org/wiki/File:1746_wurde_die_durch_ein_Erdbeben_zerst%C3%B6rte_Kathedrale_im_Barockstil_wieder_aufgebaut._01.jpg
florence_pic.jpg,Florence,Italy,"Firenze - Piazzale Michelangelo, Firenze, Italy - April 6, 2015 02.jpg",Giorgio Galeotti,CC BY 4.0,https://creativecommons.org/licenses/by/4.0,"https://commons.wikimedia.org/wiki/File:Firenze_-_Piazzale_Michelangelo,_Firenze,_Italy_-_April_6,_2015_02.jpg"
pompei_pic.jpg,Pompei,Italy,Aerial image of Pompeii and Mount Vesuvius (view from the southeast).jpg,Carsten Steger,CC BY-SA 4.0,https://creativecommons.org/licenses/by-sa/4.0,https://commons.wikimedia.org/wiki/File:Aerial_image_of_Pompeii_and_Mount_Vesuvius_(view_from_the_southeast).jpg
rome_pic.jpg,Rome,Italy,Colosseo 2020.jpg,FeaturedPics,CC BY-SA 4.0,https://creativecommons.org/licenses/by-sa/4.0,https://commons.wikimedia.org/wiki/File:Colosseo_2020.jpg
jaunmārupe_pic.jpg,Jaunmārupe,Latvia,"Mārupe, near Zeltrītu street (houses N10, 4, 2, 8).jpg",Egilus,CC BY-SA 4.0,https://creativecommons.org/licenses/by-sa/4.0,"https://commons.wikimedia.org/wiki/File:M%C4%81rupe,_near_Zeltr%C4%ABtu_street_(houses_N10,_4,_2,_8).jpg"
jurmala_pic.jpg,Jurmala,Latvia,Majori beach Jūrmala.jpg,Roquai,Public domain,,https://commons.wikimedia.org/wiki/File:Majori_beach_J%C5%ABrmala.jpg
riga_pic.jpg,Riga,Latvia,Riga (33844464828).jpg,"Jorge Franganillo from Barcelona, Spain",CC BY 2.0,https://creativecommons.org/licenses/by/2.0,https://commons.wikimedia.org/wiki/File:Riga_(33844464828).jpg
skulte_pic.jpg,Skulte,Latvia,Skultes kokosta - panoramio.jpg,Laima Gūtmane (simka…,CC BY-SA 3.0,https://creativecommons.org/licenses/by-sa/3.0,https://commons.wikimedia.org/wiki/File:Skultes_kokosta_-_panoramio.jpg
vecrīga_pic.jpg,Vecrīga,Latvia,"Views from St. Peter's Church Spire, Riga 20180808-2.jpg",Suicasmo,CC BY-SA 4.0,https://creativecommons.org/licenses/by-sa/4.0,"https://commons.wikimedia.org/wiki/File:Views_from_St._Peter%27s_Church_Spire,_Riga_20180808-2.jpg"
vaduz_pic.jpg,Vaduz,Liechtenstein,View of Vaduz.jpg,Lucas Kendall,CC BY-SA 4.0,https://creativecommons.org/licenses/by-sa/4.0,https://commons.wikimedia.org/wiki/File:View_of_Vaduz.jpg
kaunas_pic.jpg,Kaunas,Lithuania,Kauno senamiestis by Augustas Didzgalvis.jpg,BigHead,CC BY-SA 4.0,https://creativecommons.org/licenses/by-sa/4.0,https://commons.wikimedia.org/wiki/File:Kauno_senamiestis_by_Augustas_Didzgalvis.jpg
kernave_pic.jpg,Kernave,Lithuania,Kernave mounds 20200926.jpg,Mindaur,CC BY-SA 4.0,https://creativecommons.org/licenses/by-sa/4.0,https://commons.wikimedia.org/wiki/File:Kernave_mounds_20200926.jpg
neringa_pic.jpg,Neringa,Lithuania,Mirties slėnis nuo Parnidžio kopos.JPG,Hugo.arg (talk),Public domain,,https://commons.wikimedia.org/wiki/File:Mirties_sl%C4%97nis_nuo_Parnid%C5%BEio_kopos.JPG
palanga_pic.jpg,Palanga,Lithuania,Palanga by Augustas Didzgalvis.jpg,Augustas Didžgalvis,CC BY-SA 4.0,https://creativecommons.org/licenses/by-sa/4.0,https://commons.wikimedia.org/wiki/File:Palanga_by_Augustas_Didzgalvis.jpg
vilnius_pic.jpg,Vilnius,Lithuania,Vilnius old town by Augustas Didzgalvis.jpg,BigHead,CC BY-SA 4.0,https://creativecommons.org/licenses/by-sa/4.0,https://commons.wikimedia.org/wiki/File:Vilnius_old_town_by_Augustas_Didzgalvis.jpg
luxembourg_pic.jpg,Luxembourg,Luxembourg,Luxembourg Grand Ducal Palace 01.jpg,Cayambe,CC BY-SA 3.0,https://creativecommons.org/licenses/by-sa/3.0,https://commons.wikimedia.org/wiki/File:Luxembourg_Grand_Ducal_Palace_01.jpg
rabat_pic.jpg,Rabat,Malta,Rabat 1.jpg,Lysy,CC BY-SA 3.0,https://creativecommons.org/licenses/by-sa/3.0,https://commons.wikimedia.org/wiki/File:Rabat_1.jpg
valletta_pic.jpg,Valletta,Malta,Malta 270915 Valletta 06.jpg,Oren Rozen,CC BY-SA 4.0,https://creativecommons.org/licenses/by-sa/4.0,https://commons.wikimedia.org/wiki/File:Malta_270915_Valletta_06.jpg
chisinau_pic.jpg,Chisinau,Moldova,Arcul de Triumf din Chișinău 11 - May - 2019 18.10.20 86.jpg,Pelin Oleg,CC BY-SA 4.0,https://creativecommons.org/licenses/by-sa/4.0,https://commons.wikimedia.org/wiki/File:Arcul_de_Triumf_din_Chi%C8%99in%C4%83u_11_-_May_-_2019_18.10.20_86.jpg
monaco_pic.jpg,Monaco,Monaco,Panorama of Port Hercule (50326133393).jpg,Jorge Láscar from Australia,CC BY 2.0,https://creativecommons.org/licenses/by/2.0,https://commons.wikimedia.org/wiki/File:Panorama_of_Port_Hercule_(50326133393).jpg
budva_pic.jpg,Budva,Montenegro,Budva (26871774051).jpg,"Nick Savchenko from Kiev, Ukraine",CC BY-SA 2.0,https://creativecommons.org/licenses/by-sa/2.0,https://commons.wikimedia.org/wiki/File:Budva_(26871774051).jpg
herceg_novi_pic.jpg,Herceg-Novi,Montenegro,Herceg Novi Sunset.JPG,Zlatko at en.wikipedia,CC BY-SA 3.0,http://creativecommons.org/licenses/by-sa/3.0/,https://commons.wikimedia.org/wiki/File:Herceg_Novi_Sunset.JPG
kotor_pic.jpg,Kotor,Montenegro,20090719 Crkva Gospa od Zdravlja Kotor Bay Montenegro.jpg,User:Ggia,CC BY-SA 3.0,https://creativecommons.org/licenses/by-sa/3.0,https://commons.wikimedia.org/wiki/File:20090719_Crkva_Gospa_od_Zdravlja_Kotor_Bay_Montenegro.jpg
podgorica_pic.jpg,Podgorica,Montenegro,P064720-426794 - Panoramic view of Podgorica.jpg,Savo Prelevic,CC BY 4.0,https://creativecommons.org/licenses/by/4.0,https://commons.wikimedia.org/wiki/File:P064720-426794_-_Panoramic_view_of_Podgorica.jpg
tivat_pic.jpg,Tivat,Montenegro,Tivat Sv. Marko Gospa od Milosti.jpg,Dreizung,CC BY-SA 4.0,https://creativecommons.org/licenses/by-sa/4.0,https://commons.wikimedia.org/wiki/File:Tivat_Sv._Marko_Gospa_od_Milosti.jpg
alkmaar_pic.jpg,Alkmaar,Netherlands,Alkmaar - Bierkade zaterdagochtend.jpg,A. Bakker,CC BY-SA 3.0,https://creativecommons.org/licenses/by-sa/3.0,https://commons.wikimedia.org/wiki/File:Alkmaar_-_Bierkade_zaterdagochtend.jpg
amsterdam_pic.jpg,Amsterdam,Netherlands,Colorful canal houses at golden hour in Damrak avenue Amsterdam the Netherlands.jpg,Basile Morin,CC BY-SA 4.0,https://creativecommons.org/licenses/by-sa/4.0,https://commons.wikimedia.org/wiki/File:Colorful_canal_houses_at_golden_hour_in_Damrak_avenue_Amsterdam_the_Netherlands.jpg
delft_pic.jpg,Delft,Netherlands,Delft Blick von der Nieuwe Kerk auf die Oude Kerk 1.jpg,Zairon,CC BY-SA 4.0,https://creativecommons.org/licenses/by-sa/4.0,https://commons.wikimedia.org/wiki/File:Delft_Blick_von_der_Nieuwe_Kerk_auf_die_Oude_Kerk_1.jpg
haarlem_pic.jpg,Haarlem,Netherlands,HaarlemGroteMarkt1.JPG,Fryslan0109 at English Wikipedia,Public domain,,https://commons.wikimedia.org/wiki/File:HaarlemGroteMarkt1.JPG
utrecht_pic.jpg,Utrecht,Netherlands,"Utrecht, de Domtoren (RM36075) vanaf de Oudegracht 230 ongeveer foto5 2015-11-01 08.56.jpg",Michielverbeek,CC BY-SA 4.0,https://creativecommons.org/licenses/by-sa/4.0,"https://commons.wikimedia.org/wiki/File:Utrecht,_de_Domtoren_(RM36075)_vanaf_de_Oudegracht_230_ongeveer_foto5_2015-11-01_08.56.jpg"
geiranger_pic.jpg,Geiranger,Norway,Geirangerfjord .jpg,Andreas Trepte,CC BY-SA 2.5,https://creativecommons.org/licenses/by-sa/2.5,https://commons.wikimedia.org/wiki/File:Geirangerfjord_.jpg
kristiansand_pic.jpg,Kristiansand,Norway,Otra-Kristiansand.jpg,Karamell at Norwegian Wikipedia,Public domain,,https://commons.wikimedia.org/wiki/File:Otra-Kristiansand.jpg
oslo_pic.jpg,Oslo,Norway,Oslo Opera House 2023 1.jpg,kallerna,CC BY-SA 4.0,https://creativecommons.org/licenses/by-sa/4.0,https://commons.wikimedia.org/wiki/File:Oslo_Opera_House_2023_1.jpg
stavanger_pic.jpg,Stavanger,Norway,Gamle Stavanger 5 (52606705925).jpg,"Maarten Heerlien from Voorschoten, The Netherlands",CC BY 2.0,https://creativecommons.org/licenses/by/2.0,https://commons.wikimedia.org/wiki/File:Gamle_Stavanger_5_(52606705925).jpg
trondheim_pic.jpg,Trondheim,Norway,Trondheim overview 01.jpg,"Trondheim Havn from Trondheim, Norway",CC BY-SA 2.0,https://creativecommons.org/licenses/by-sa/2.0,https://commons.wikimedia.org/wiki/File:Trondheim_overview_01.jpg
krakow_pic.jpg,Krakow,Poland,Krakow Rynek Glowny panorama 2.jpg,Andrzej Otrębski,CC BY-SA 4.0,https://creativecommons.org/licenses/by-sa/4.0,https://commons.wikimedia.org/wiki/File:Krakow_Rynek_Glowny_panorama_2.jpg
sopot_pic.jpg,Sopot,Poland,Sopot Molo and main square 2024 aerial.jpg,Emptywords,CC BY-SA 4.0,https://creativecommons.org/licenses/by-sa/4.0,https://commons.wikimedia.org/wiki/File:Sopot_Molo_and_main_square_2024_aerial.jpg
szczecin_pic.jpg,Szczecin,Poland,"Town hall in Szczecin, September 2022 01.jpg",Szczecinolog,CC BY-SA 4.0,https://creativecommons.org/licenses/by-sa/4.0,"https://commons.wikimedia.org/wiki/File:Town_hall_in_Szczecin,_September_2022_01.jpg"
warsaw_pic.jpg,Warsaw,Poland,"2021 Warszawa Rynek Starego Miasta, północny fragment strony Kołłątaja.jpg",Cybularny,CC BY-SA 4.0,https://creativecommons.org/licenses/by-sa/4.0,"https://commons.wikimedia.org/wiki/File:2021_Warszawa_Rynek_Starego_Miasta,_p%C3%B3%C5%82nocny_fragment_strony_Ko%C5%82%C5%82%C4%85taja.jpg"
wola_pic.jpg,Wola,Poland,Rondo daszyńskiego generation park warswa spire.jpg,Panek,CC BY-SA 4.0,https://creativecommons.org/licenses/by-sa/4.0,https://commons.wikimedia.org/wiki/File:Rondo_daszy%C5%84skiego_generation_park_warswa_spire.jpg
cascais_pic.jpg,Cascais,Portugal,Cascais - Santa Marta (53854018150).jpg,Jorge Franganillo,CC BY 2.0,https://creativecommons.org/licenses/by/2.0,https://commons.wikimedia.org/wiki/File:Cascais_-_Santa_Marta_(53854018150).jpg
coimbra_pic.jpg,Coimbra,Portugal,Universidade de Coimbra (53560519412).jpg,xiquinhosilva,CC BY 2.0,https://creativecommons.org/licenses/by/2.0,https://commons.wikimedia.org/wiki/File:Universidade_de_Coimbra_(53560519412).jpg
faro_pic.jpg,Faro,Portugal,2021 12 12 arne mueseler 08 17 0576.jpg,Arne Müseler,CC BY-SA 3.0 de,https://creativecommons.org/licenses/by-sa/3.0/de/deed.en,https://commons.wikimedia.org/wiki/File:2021_12_12_arne_mueseler_08_17_0576.jpg
porto_pic.jpg,Porto,Portugal,"Puente Don Luis I, Oporto, Portugal, 2012-05-09, DD 13.JPG",Diego Delso,CC BY-SA 3.0,https://creativecommons.org/licenses/by-sa/3.0,"https://commons.wikimedia.org/wiki/File:Puente_Don_Luis_I,_Oporto,_Portugal,_2012-05-09,_DD_13.JPG"
sintra_pic.jpg,Sintra,Portugal,Sintra Portugal Palácio da Pena-01.jpg,"CEphoto, Uwe Aranas",CC BY-SA 3.0,https://creativecommons.org/licenses/by-sa/3.0,https://commons.wikimedia.org/wiki/File:Sintra_Portugal_Pal%C3%A1cio_da_Pena-01.jpg
bucharest_pic.jpg,Bucharest,Romania,Ateneul Român 1.jpg,Pudelek (Marcin Szala),CC BY-SA 3.0,https://creativecommons.org/licenses/by-sa/3.0,https://commons.wikimedia.org/wiki/File:Ateneul_Rom%C3%A2n_1.jpg
cluj_napoca_pic.jpg,Cluj-Napoca,Romania,"Biserica romano-catolică ""Sfântul Mihail"".jpg",Robert Puțeanu,CC BY-SA 3.0 ro,https://creativecommons.org/licenses/by-sa/3.0/ro/deed.en,https://commons.wikimedia.org/wiki/File:Biserica_romano-catolic%C4%83_%22Sf%C3%A2ntul_Mihail%22.jpg
oradea_pic.jpg,Oradea,Romania,City Hall Oradea - Palatul Primăriei Oradea (2023) - img 07.jpg,Chainwit.,CC BY 4.0,https://creativecommons.org/licenses/by/4.0,https://commons.wikimedia.org/wiki/File:City_Hall_Oradea_-_Palatul_Prim%C4%83riei_Oradea_(2023)_-_img_07.jpg
sibiu_pic.jpg,Sibiu,Romania,"Hermannstadt Romania, the Small Plaza.jpg",Zubi Travel,Public domain,,"https://commons.wikimedia.org/wiki/File:Hermannstadt_Romania,_the_Small_Plaza.jpg"
sinaia_pic.jpg,Sinaia,Romania,01 Chateau Peles.jpg,Myrabella,CC BY-SA 3.0,https://creativecommons.org/licenses/by-sa/3.0,https://commons.wikimedia.org/wiki/File:01_Chateau_Peles.jpg
kazan_pic.jpg,Kazan,Russia,Казанский кремль. Панорама с колеса обозрения.jpg,Fendes,CC BY-SA 4.0,https://creativecommons.org/licenses/by-sa/4.0,https://commons.wikimedia.org/wiki/File:%D0%9A%D0%B0%D0%B7%D0%B0%D0%BD%D1%81%D0%BA%D0%B8%D0%B9_%D0%BA%D1%80%D0%B5%D0%BC%D0%BB%D1%8C._%D0%9F%D0%B0%D0%BD%D0%BE%D1%80%D0%B0%D0%BC%D0%B0_%D1%81_%D0%BA%D0%BE%D0%BB%D0%B5%D1%81%D0%B0_%D0%BE%D0%B1%D0%BE%D0%B7%D1%80%D0%B5%D0%BD%D0%B8%D1%8F.jpg
moscow_pic.jpg,Moscow,Russia,Saint Basil's Cathedral and the Red Square.jpg,U.S. Department of State,Public domain,,https://commons.wikimedia.org/wiki/File:Saint_Basil%27s_Cathedral_and_the_Red_Square.jpg
nizhny_novgorod_pic.jpg,Nizhny Novgorod,Russia,Nizhny Novgorod 2025-04-29 Minin and Pozharsky square 01.jpg,AlexTref871,CC BY-SA 4.0,https://creativecommons.org/licenses/by-sa/4.0,https://commons.wikimedia.org/wiki/File:Nizhny_Novgorod_2025-04-29_Minin_and_Pozharsky_square_01.jpg
saint_petersburg_pic.jpg,Saint Petersburg,Russia,Winter Palace Panorama 3.jpg,Florstein (Telegram:WikiPhoto.Space),CC BY-SA 4.0,https://creativecommons.org/licenses/by-sa/4.0,https://commons.wikimedia.org/wiki/File:Winter_Palace_Panorama_3.jpg
veliky_novgorod_pic.jpg,Veliky Novgorod,Russia,Новгородский Кремль12345.jpg,LenskiyS,CC BY-SA 4.0,https://creativecommons.org/licenses/by-sa/4.0,https://commons.wikimedia.org/wiki/File:%D0%9D%D0%BE%D0%B2%D0%B3%D0%BE%D1%80%D0%BE%D0%B4%D1%81%D0%BA%D0%B8%D0%B9_%D0%9A%D1%80%D0%B5%D0%BC%D0%BB%D1%8C12345.jpg
san_marino_pic.jpg,San Marino,San Marino,"San marino, veduta del monte titano 02.jpg",Francesco Bini,CC BY-SA 4.0,https://creativecommons.org/licenses/by-sa/4.0,"https://commons.wikimedia.org/wiki/File:San_marino,_veduta_del_monte_titano_02.jpg"
belgrade_pic.jpg,Belgrade,Serbia,Panorama Belgrad.jpg,ZlatanJovanovic,CC BY 3.0,https://creativecommons.org/licenses/by/3.0,https://commons.wikimedia.org/wiki/File:Panorama_Belgrad.jpg
kopaonik_pic.jpg,Kopaonik,Serbia,Pančićev vrh during winter.jpg,Ratko Bozovic,CC BY 2.0,https://creativecommons.org/licenses/by/2.0,https://commons.wikimedia.org/wiki/File:Pan%C4%8Di%C4%87ev_vrh_during_winter.jpg
novi_sad_pic.jpg,Novi Sad,Serbia,20230429.Ansichten in Novi Sad.-039.jpg,"Bybbisch94, Christian Gebhardt",CC BY-SA 4.0,https://creativecommons.org/licenses/by-sa/4.0,https://commons.wikimedia.org/wiki/File:20230429.Ansichten_in_Novi_Sad.-039.jpg
stari_grad_pic.jpg,Stari Grad,Serbia,Knez Mihailova Street (Belgrade).jpg,Jaimrsilva,CC BY-SA 4.0,https://creativecommons.org/licenses/by-sa/4.0,https://commons.wikimedia.org/wiki/File:Knez_Mihailova_Street_(Belgrade).jpg
zlatibor_pic.jpg,Zlatibor,Serbia,Pejzaz ribnickog jezera.jpg,Ivanbuki,CC BY-SA 4.0,https://creativecommons.org/licenses/by-sa/4.0,https://commons.wikimedia.org/wiki/File:Pejzaz_ribnickog_jezera.jpg
bratislava_pic.jpg,Bratislava,Slovakia,Slovakia bratislava.jpg,Arne Müseler,CC BY-SA 4.0,https://creativecommons.org/licenses/by-sa/4.0,https://commons.wikimedia.org/wiki/File:Slovakia_bratislava.jpg
poprad_pic.jpg,Poprad,Slovakia,Square of Spisska Sobota 6.jpg,Kristo,CC BY-SA 3.0,http://creativecommons.org/licenses/by-sa/3.0/,https://commons.wikimedia.org/wiki/File:Square_of_Spisska_Sobota_6.jpg
bovec_pic.jpg,Bovec,Slovenia,"Isonzo, Soča (Bovec) 01.jpg",Iswoar,CC BY-SA 4.0,https://creativecommons.org/licenses/by-sa/4.0,"https://commons.wikimedia.org/wiki/File:Isonzo,_So%C4%8Da_(Bovec)_01.jpg"
koper_pic.jpg,Koper,Slovenia,"Koper, mesto.jpg",TICKoper,CC BY-SA 4.0,https://creativecommons.org/licenses/by-sa/4.0,"https://commons.wikimedia.org/wiki/File:Koper,_mesto.jpg"
maribor_pic.jpg,Maribor,Slovenia,Mariborski Glavni trg.jpg,Vlada Republike Slovenije,Public domain,,https://commons.wikimedia.org/wiki/File:Mariborski_Glavni_trg.jpg
novo_mesto_pic.jpg,Novo Mesto,Slovenia,2025 Aerial view of Novo Mesto in Slovenia.jpg,gov.si,Public domain,,https://commons.wikimedia.org/wiki/File:2025_Aerial_view_of_Novo_Mesto_in_Slovenia.jpg
postojna_pic.jpg,Postojna,Slovenia,Postojna (22206343750).jpg,"Ivan Ivankovic from Dubrovnik, Croatia",CC BY 2.0,https://creativecommons.org/licenses/by/2.0,https://commons.wikimedia.org/wiki/File:Postojna_(22206343750).jpg
burgos_pic.jpg,Burgos,Spain,Catedral de Burgos-Parador.JPG,FAR,CC BY-SA 3.0,http://creativecommons.org/licenses/by-sa/3.0/,https://commons.wikimedia.org/wiki/File:Catedral_de_Burgos-Parador.JPG
madrid_pic.jpg,Madrid,Spain,Palacio Real de Madrid Julio 2016.jpg,Tim Adams,CC BY 3.0,https://creativecommons.org/licenses/by/3.0,https://commons.wikimedia.org/wiki/File:Palacio_Real_de_Madrid_Julio_2016.jpg
palma_pic.jpg,Palma,Spain,Kathedrale von Palma.jpg,"Thomas Wolf, www.foto-tw.de",CC BY-SA 3.0 de,https://creativecommons.org/licenses/by-sa/3.0/de/deed.en,https://commons.wikimedia.org/wiki/File:Kathedrale_von_Palma.jpg
santiago_de_compostela_pic.jpg,Santiago de Compostela,Spain,Santiago Compostela Cathedral 2023 - View from Alameda Park.jpg,Fernando Pascullo,CC BY-SA 4.0,https://creativecommons.org/licenses/by-sa/4.0,https://commons.wikimedia.org/wiki/File:Santiago_Compostela_Cathedral_2023_-_View_from_Alameda_Park.jpg
valencia_pic.jpg,Valencia,Spain,"Hemispheric Twilight - Valencia, Spain - Jan 2007.jpg",Diliff,CC BY-SA 3.0,https://creativecommons.org/licenses/by-sa/3.0,"https://commons.wikimedia.org/wiki/File:Hemispheric_Twilight_-_Valencia,_Spain_-_Jan_2007.jpg"
gothenburg_pic.jpg,Gothenburg,Sweden,00 3143 Göteborg - Gustav Adolf Torg.jpg,W. Bulach,CC BY-SA 4.0,https://creativecommons.org/licenses/by-sa/4.0,https://commons.wikimedia.org/wiki/File:00_3143_G%C3%B6teborg_-_Gustav_Adolf_Torg.jpg
kiruna_pic.jpg,Kiruna,Sweden,Kiruna kyrka September 2017 04.jpg,Arild Vågen,CC BY-SA 4.0,https://creativecommons.org/licenses/by-sa/4.0,https://commons.wikimedia.org/wiki/File:Kiruna_kyrka_September_2017_04.jpg
stockholm_pic.jpg,Stockholm,Sweden,Stockholm Gamla Stan and Riddarholmen 01.jpg,Ad Meskens,CC BY-SA 4.0,https://creativecommons.org/licenses/by-sa/4.0,https://commons.wikimedia.org/wiki/File:Stockholm_Gamla_Stan_and_Riddarholmen_01.jpg
uppsala_pic.jpg,Uppsala,Sweden,Uppsala Cathedral October 2012.jpg,Arild Vågen,CC BY-SA 3.0,https://creativecommons.org/licenses/by-sa/3.0,https://commons.wikimedia.org/wiki/File:Uppsala_Cathedral_October_2012.jpg
visby_pic.jpg,Visby,Sweden,0522Visby domkyrka.jpg,L.G.foto,CC BY-SA 4.0,https://creativecommons.org/licenses/by-sa/4.0,https://commons.wikimedia.org/wiki/File:0522Visby_domkyrka.jpg
basel_pic.jpg,Basel,Switzerland,"Basel, de Basler Münster vanaf de Mittlere Brücke KGS1597 IMG 1453 2022-05-14 20.11.jpg",Michielverbeek,CC BY-SA 4.0,https://creativecommons.org/licenses/by-sa/4.0,"https://commons.wikimedia.org/wiki/File:Basel,_de_Basler_M%C3%BCnster_vanaf_de_Mittlere_Br%C3%BCcke_KGS1597_IMG_1453_2022-05-14_20.11.jpg"
geneva_pic.jpg,Geneva,Switzerland,Geneve 2005 001 Ork.ch.jpg,fr:Utilisateur:Stéphane_Pecorini,CC BY-SA 2.0 fr,https://creativecommons.org/licenses/by-sa/2.0/fr/deed.en,https://commons.wikimedia.org/wiki/File:Geneve_2005_001_Ork.ch.jpg
interlaken_pic.jpg,Interlaken,Switzerland,Goldswil-Viadukt Panorama mit Interlaken im Hintergrund 2.jpg,Rectilinium,CC0,http://creativecommons.org/publicdomain/zero/1.0/deed.en,https://commons.wikimedia.org/wiki/File:Goldswil-Viadukt_Panorama_mit_Interlaken_im_Hintergrund_2.jpg
lugano_pic.jpg,Lugano,Switzerland,Lugano from Monte Bre.jpg,Mchernyavska,CC BY-SA 4.0,https://creativecommons.org/licenses/by-sa/4.0,https://commons.wikimedia.org/wiki/File:Lugano_from_Monte_Bre.jpg
luzern_pic.jpg,Luzern,Switzerland,Kapellbruecke.JPG,Simon Koopmann,CC BY-SA 2.5,https://creativecommons.org/licenses/by-sa/2.5,https://commons.wikimedia.org/wiki/File:Kapellbruecke.JPG
port_of_spain_pic.jpg,Port of Spain,Trinidad and Tobago,POS at night Skyline.jpg,DizzyNN,CC BY-SA 4.0,https://creativecommons.org/licenses/by-sa/4.0,https://commons.wikimedia.org/wiki/File:POS_at_night_Skyline.jpg
bodrum_pic.jpg,Bodrum,Turkey,Sunset over Bodrum I.jpg,The 3B's,CC BY 2.0,https://creativecommons.org/licenses/by/2.0,https://commons.wikimedia.org/wiki/File:Sunset_over_Bodrum_I.jpg
ephesus_pic.jpg,Ephesus,Turkey,Ephesus Celsus Library Façade.jpg,Benh LIEU SONG,CC BY-SA 3.0,https://creativecommons.org/licenses/by-sa/3.0,https://commons.wikimedia.org/wiki/File:Ephesus_Celsus_Library_Fa%C3%A7ade.jpg
istanbul_pic.jpg,Istanbul,Turkey,Istanbul Hagia Sophia IMG 8615 2050.jpg,Alexxx1979,CC BY-SA 4.0,https://creativecommons.org/licenses/by-sa/4.0,https://commons.wikimedia.org/wiki/File:Istanbul_Hagia_Sophia_IMG_8615_2050.jpg
marmaris_pic.jpg,Marmaris,Turkey,Marmaris Castle 2021.jpg,Stern1994,CC0,http://creativecommons.org/publicdomain/zero/1.0/deed.en,https://commons.wikimedia.org/wiki/File:Marmaris_Castle_2021.jpg
side_pic.jpg,Side,Turkey,Side - Vespasian Gate.jpg,Ingo Mehling,CC BY-SA 3.0,https://creativecommons.org/licenses/by-sa/3.0,https://commons.wikimedia.org/wiki/File:Side_-_Vespasian_Gate.jpg
bukovel_pic.jpg,Bukovel,Ukraine,ВП Буковель 2.jpg,Водник at Russian Wikipedia,CC BY-SA 3.0,https://creativecommons.org/licenses/by-sa/3.0,https://commons.wikimedia.org/wiki/File:%D0%92%D0%9F_%D0%91%D1%83%D0%BA%D0%BE%D0%B2%D0%B5%D0%BB%D1%8C_2.jpg
kiev_pic.jpg,Kiev,Ukraine,Kyiv Pechersk Lavra - View from the Dnieper River.jpg,Ввласенко,CC BY 4.0,https://creativecommons.org/licenses/by/4.0,https://commons.wikimedia.org/wiki/File:Kyiv_Pechersk_Lavra_-_View_from_the_Dnieper_River.jpg
lviv_pic.jpg,Lviv,Ukraine,Латинський кафедральний собор (Львів) 16.jpg,Konstantin Brizhnichenko,CC BY-SA 4.0,https://creativecommons.org/licenses/by-sa/4.0,https://commons.wikimedia.org/wiki/File:%D0%9B%D0%B0%D1%82%D0%B8%D0%BD%D1%81%D1%8C%D0%BA%D0%B8%D0%B9_%D0%BA%D0%B0%D1%84%D0%B5%D0%B4%D1%80%D0%B0%D0%BB%D1%8C%D0%BD%D0%B8%D0%B9_%D1%81%D0%BE%D0%B1%D0%BE%D1%80_(%D0%9B%D1%8C%D0%B2%D1%96%D0%B2)_16.jpg
odessa_pic.jpg,Odessa,Ukraine,Detail of Opera House - Odessa - Ukraine (26266446983).jpg,"Adam Jones from Kelowna, BC, Canada",CC BY-SA 2.0,https://creativecommons.org/licenses/by-sa/2.0,https://commons.wikimedia.org/wiki/File:Detail_of_Opera_House_-_Odessa_-_Ukraine_(26266446983).jpg
zhytomyr_pic.jpg,Zhytomyr,Ukraine,Будинок взаємного кредиту (міська рада) .jpg,Дарина Вдовенко,CC BY-SA 4.0,https://creativecommons.org/licenses/by-sa/4.0,https://commons.wikimedia.org/wiki/File:%D0%91%D1%83%D0%B4%D0%B8%D0%BD%D0%BE%D0%BA_%D0%B2%D0%B7%D0%B0%D1%94%D0%BC%D0%BD%D0%BE%D0%B3%D0%BE_%D0%BA%D1%80%D0%B5%D0%B4%D0%B8%D1%82%D1%83_(%D0%BC%D1%96%D1%81%D1%8C%D0%BA%D0%B0_%D1%80%D0%B0%D0%B4%D0%B0)_.jpg
derry_pic.jpg,Derry,United Kingdom,Foyle Bridge Derry at Dusk Oblique.jpg,Aaronwarduk,CC BY-SA 4.0,https://creativecommons.org/licenses/by-sa/4.0,https://commons.wikimedia.org/wiki/File:Foyle_Bridge_Derry_at_Dusk_Oblique.jpg
gibraltar_pic.jpg,Gibraltar,United Kingdom,Gibraltar View of the Rock from La Linea.jpg,Ymblanter,CC BY-SA 4.0,https://creativecommons.org/licenses/by-sa/4.0,https://commons.wikimedia.org/wiki/File:Gibraltar_View_of_the_Rock_from_La_Linea.jpg
london_pic.jpg,London,United Kingdom,London Skyline (125508655).jpeg,Ilya Grigorik,CC BY-SA 3.0,https://creativecommons.org/licenses/by-sa/3.0,https://commons.wikimedia.org/wiki/File:London_Skyline_(125508655).jpeg
oxford_pic.jpg,Oxford,United Kingdom,"Radcliffe Camera, Oxford.jpg",Photograph by Mike Peel (www.mikepeel.net).,CC BY-SA 4.0,https://creativecommons.org/licenses/by-sa/4.0,"https://commons.wikimedia.org/wiki/File:Radcliffe_Camera,_Oxford.jpg"
tenby_pic.jpg,Tenby,United Kingdom,Tenby harbour - geograph.org.uk - 3204269.jpg,Gordon Hatton,CC BY-SA 2.0,https://creativecommons.org/licenses/by-sa/2.0,https://commons.wikimedia.org/wiki/File:Tenby_harbour_-_geograph.org.uk_-_3204269.jpg
